[{"id":"server","total":1},{"id":"","total":2},{"id":"nickff","total":1},{"id":"linkgc","total":3},{"id":"leave","total":3},{"id":"join","total":6},{"id":"menu","total":44},{"id":"tes","total":28},{"id":"ytmp4","total":8},{"id":"ytmp3","total":7},{"id":"topupff","total":2},{"id":"tp1","total":2},{"id":"listkey","total":2},{"id":"addrespon","total":1},{"id":"addkey","total":1},{"id":"rules","total":2},{"id":"s","total":3},{"id":"id","total":1},{"id":"toimg","total":1},{"id":"promote","total":1},{"id":"public","total":1},{"id":"susunkata","total":1},{"id":"kick","total":2},{"id":"add","total":1},{"id":"tp2","total":1},{"id":"gopay","total":1},{"id":"nickml","total":1},{"id":"creategc","total":1},{"id":"addlist","total":1},{"id":"list","total":1}]