[{"id":"6283834558105@s.whatsapp.net","command":".server"},{"id":"6283834558105@s.whatsapp.net","command":"p"},{"id":"6283834558105@s.whatsapp.net","command":"d"},{"id":"6283834558105@s.whatsapp.net","command":".nickff"},{"id":"6283834558105@s.whatsapp.net","command":".linkgc"},{"id":"6283834558105@s.whatsapp.net","command":".leave"},{"id":"6283834558105@s.whatsapp.net","command":".join"},{"id":"6283834558105@s.whatsapp.net","command":".join"},{"id":"6283834558105@s.whatsapp.net","command":".join"},{"id":"6283834558105@s.whatsapp.net","command":".menu"},{"id":"6283834558105@s.whatsapp.net","command":".menu"},{"id":"6283834558105@s.whatsapp.net","command":".menu"},{"id":"6283834558105@s.whatsapp.net","command":".tes"},{"id":"6283834558105@s.whatsapp.net","command":".tes"},{"id":"6283834558105@s.whatsapp.net","command":".tes"},{"id":"6283834558105@s.whatsapp.net","command":".tes"},{"id":"6283834558105@s.whatsapp.net","command":".tes"},{"id":"6283834558105@s.whatsapp.net","command":".tes"},{"id":"6283834558105@s.whatsapp.net","command":".tes"},{"id":"6283834558105@s.whatsapp.net","command":".tes"},{"id":"6283834558105@s.whatsapp.net","command":".ytmp4"},{"id":"6283834558105@s.whatsapp.net","command":".ytmp4"},{"id":"6283834558105@s.whatsapp.net","command":".ytmp4"},{"id":"6283834558105@s.whatsapp.net","command":".tes"},{"id":"6283834558105@s.whatsapp.net","command":".ytmp3"},{"id":"6283834558105@s.whatsapp.net","command":".ytmp3"},{"id":"6283834558105@s.whatsapp.net","command":".tes"},{"id":"6283834558105@s.whatsapp.net","command":".tes"},{"id":"6283834558105@s.whatsapp.net","command":".topupff"},{"id":"6283834558105@s.whatsapp.net","command":".tp1"},{"id":"6283834558105@s.whatsapp.net","command":".tes"},{"id":"6283834558105@s.whatsapp.net","command":".tes"},{"id":"6283834558105@s.whatsapp.net","command":".tes"},{"id":"6283834558105@s.whatsapp.net","command":".tes"},{"id":"6283834558105@s.whatsapp.net","command":".tes"},{"id":"6283834558105@s.whatsapp.net","command":".menu"},{"id":"6283834558105@s.whatsapp.net","command":".listkey"},{"id":"6283834558105@s.whatsapp.net","command":".addrespon"},{"id":"6283834558105@s.whatsapp.net","command":".listkey"},{"id":"6283834558105@s.whatsapp.net","command":".addkey"},{"id":"6283834558105@s.whatsapp.net","command":".menu"},{"id":"6283834558105@s.whatsapp.net","command":".menu"},{"id":"6283834558105@s.whatsapp.net","command":".tes"},{"id":"6283834558105@s.whatsapp.net","command":".menu"},{"id":"6283834558105@s.whatsapp.net","command":".menu"},{"id":"6283834558105@s.whatsapp.net","command":".menu"},{"id":"6283834558105@s.whatsapp.net","command":".tes"},{"id":"6283834558105@s.whatsapp.net","command":".menu"},{"id":"6283834558105@s.whatsapp.net","command":".menu"},{"id":"6283834558105@s.whatsapp.net","command":".id"},{"id":"6283834558105@s.whatsapp.net","command":".join"},{"id":"6283834558105@s.whatsapp.net","command":".menu"},{"id":"6283834558105@s.whatsapp.net","command":".menu"},{"id":"6283834558105@s.whatsapp.net","command":".menu"},{"id":"6283834558105@s.whatsapp.net","command":".menu"},{"id":"6283834558105@s.whatsapp.net","command":".menu"},{"id":"6283834558105@s.whatsapp.net","command":".linkgc"},{"id":"6283834558105@s.whatsapp.net","command":".leave"},{"id":"6283834558105@s.whatsapp.net","command":".join"},{"id":"6283834558105@s.whatsapp.net","command":".join"},{"id":"6283834558105@s.whatsapp.net","command":".menu"},{"id":"6283834558105@s.whatsapp.net","command":".promote"},{"id":"6281346074841@s.whatsapp.net","command":".menu"},{"id":"6283834558105@s.whatsapp.net","command":".tes"},{"id":"6283834558105@s.whatsapp.net","command":".public"},{"id":"628999625005@s.whatsapp.net","command":".menu"},{"id":"6283834558105@s.whatsapp.net","command":".menu"},{"id":"6283834558105@s.whatsapp.net","command":".menu"},{"id":"6283834558105@s.whatsapp.net","command":".menu"},{"id":"6283834558105@s.whatsapp.net","command":".menu"},{"id":"6283834558105@s.whatsapp.net","command":".menu"},{"id":"6283834558105@s.whatsapp.net","command":".menu"},{"id":"6283834558105@s.whatsapp.net","command":".menu"},{"id":"6281807254833@s.whatsapp.net","command":".menu"},{"id":"6283834558105@s.whatsapp.net","command":".menu"},{"id":"6283834558105@s.whatsapp.net","command":".menu"},{"id":"6283834558105@s.whatsapp.net","command":".menu"},{"id":"6283834558105@s.whatsapp.net","command":".menu"},{"id":"6283834558105@s.whatsapp.net","command":".menu"},{"id":"6283834558105@s.whatsapp.net","command":".menu"},{"id":"6283834558105@s.whatsapp.net","command":".menu"},{"id":"6281346074841@s.whatsapp.net","command":".kick"},{"id":"6283834558105@s.whatsapp.net","command":".menu"},{"id":"6281346074841@s.whatsapp.net","command":".kick"},{"id":"6283834558105@s.whatsapp.net","command":".menu"},{"id":"6283834558105@s.whatsapp.net","command":".menu"},{"id":"6283834558105@s.whatsapp.net","command":".add"},{"id":"6283834558105@s.whatsapp.net","command":".tes"},{"id":"6282157400194@s.whatsapp.net","command":".menu"},{"id":"6285820020787@s.whatsapp.net","command":"#menu"},{"id":"6282157400194@s.whatsapp.net","command":".menu"},{"id":"6283834558105@s.whatsapp.net","command":".topupff"},{"id":"6283873694593@s.whatsapp.net","command":"#menu"},{"id":"6283834558105@s.whatsapp.net","command":".tp1"},{"id":"6283834558105@s.whatsapp.net","command":".tp2"},{"id":"6283834558105@s.whatsapp.net","command":".gopay"},{"id":"6283873694593@s.whatsapp.net","command":"#nickml"},{"id":"6283834558105@s.whatsapp.net","command":".menu"},{"id":"6283834558105@s.whatsapp.net","command":".menu"},{"id":"6283834558105@s.whatsapp.net","command":".menu"},{"id":"6283834558105@s.whatsapp.net","command":".tes"},{"id":"6283834558105@s.whatsapp.net","command":".creategc"},{"id":"6283834558105@s.whatsapp.net","command":".tes"},{"id":"6283834558105@s.whatsapp.net","command":".addlist"},{"id":"6283834558105@s.whatsapp.net","command":".list"},{"id":"6283834558105@s.whatsapp.net","command":".tes"},{"id":"6283834558105@s.whatsapp.net","command":".tes"},{"id":"6283834558105@s.whatsapp.net","command":".tes"},{"id":"6283834558105@s.whatsapp.net","command":".linkgc"},{"id":"6283834558105@s.whatsapp.net","command":".leave"},{"id":"6283834558105@s.whatsapp.net","command":".tes"},{"id":"6283834558105@s.whatsapp.net","command":".tes"},{"id":"6283834558105@s.whatsapp.net","command":".tes"}]